Title,Author,Category,Price
All the Light We Cannot See,Anthony Doerr,Bestsellers,from: $4.29
If You Give a Mouse a Cookie,Laura Joffe Numeroff,Bestsellers,from: $3.99
How the Grinch Stole Christmas!,Dr. Seuss,Bestsellers,from: $4.59
The Midnight Library,Matt Haig,Bestsellers,from: $8.39
The Guest List,Lucy Foley,Bestsellers,from: $4.39
The Bell Jar,Sylvia Plath,Bestsellers,from: $6.29
The Alice Network,Kate Quinn,Bestsellers,from: $4.29
Catch-22,Joseph Heller,Bestsellers,from: $4.29
Island of the Blue Dolphins,Scott O'Dell,Bestsellers,from: $3.59
Moby-Dick,Herman Melville,Bestsellers,from: $3.59
The Cat in the Hat Comes Back,Dr. Seuss,Bestsellers,from: $3.59
"The Pilgrim's Progress from This World, to That Which Is to Come",John Bunyan,Bestsellers,from: $3.99
Anne of Green Gables,L.M. Montgomery,Bestsellers,from: $3.59
The Martian,Andy Weir,Bestsellers,from: $3.59
The Millionaire Next Door: The Surprising Secrets of America's Wealthy,Thomas J. Stanley,Bestsellers,from: $3.99
12 Rules for Life: An Antidote to Chaos,Jordan B. Peterson,Bestsellers,from: $7.69
Sapiens: A Brief History of Humankind,Yuval Noah Harari,Bestsellers,from: $7.79
A Dance with Dragons,George R.R. Martin,Bestsellers,from: $4.89
"Love &amp; Respect: The Love She Most Desires, the Respect He Desperately Needs",Emerson Eggerichs,Bestsellers,from: $4.89
The Blood of Olympus,Rick Riordan,Bestsellers,from: $3.99
Dragons Love Tacos,Adam Rubin,Bestsellers,from: $4.79
Dog Man: Brawl of the Wild,Dav Pilkey,Bestsellers,from: $4.49
The Tipping Point: How Little Things Can Make a Big Difference,Malcolm Gladwell,Bestsellers,from: $4.79
The Reckoning,John Grisham,Bestsellers,from: $4.19
Hot Mess (Diary of a Wimpy Kid Book 19),Jeff Kinney,New & Trending,from: $13.03
War,Bob Woodward,New & Trending,from: $24.25
Onyx Storm,Rebecca Yarros,New & Trending,from: $21.99
Untitled 6059,,New & Trending,from: $22.26
Melania: A Memoir,,New & Trending,from: $29.33
The Boyfriend,Freida McFadden,New & Trending,from: $14.49
The Grey Wolf: A Novel,Louise Penny,New & Trending,from: $16.00
Dog Man: Big Jim Begins: A Graphic Novel (Dog Man #13): From the Creator of Captain Underpants,Dav Pilkey,New & Trending,from: $13.99
Framed,John Grisham,New & Trending,from: $22.98
Save America,Donald J. Trump,New & Trending,from: $89.65
Brothers,Alex Van Halen,New & Trending,from: $24.00
The Sick Man's Rage: A Nir Tavor Mossad Thriller,Steve Yohn,New & Trending,from: $13.84
Christmas at Hogwarts,J.K. Rowling,New & Trending,from: $16.23
From Here to the Great Unknown: A Memoir,Lisa Marie Presley,New & Trending,from: $24.00
This Inevitable Ruin: Dungeon Crawler Carl Book 7,,New & Trending,from: $24.99
Be Ready When the Luck Happens: A Memoir,Ina Garten,New & Trending,from: $20.19
Confronting the Presidents: No Spin Assessments from Washington to Biden,Bill O'Reilly,New & Trending,from: $26.48
The Wild Robot: Volume 1,Peter Brown,New & Trending,from: $9.99
Your Guide to Cellular Health: Unlocking the Science of Longevity and Joy,Dr. Mercola DO,New & Trending,from: $23.51
My Sticker Dress-Up: Swifties,,New & Trending,from: $11.79
Agatha All Along Tarot Deck and Guidebook,,New & Trending,from: $20.52
The Message,Ta-Nehisi Coates,New & Trending,from: $22.73
The Book of Alchemy: Journaling Toward a More Meaningful Life,,New & Trending,from: $22.98
"Revenge of the Tipping Point: Overstories, Superspreaders, and the Rise of Social Engineering",Malcolm Gladwell,New & Trending,from: $24.00
Patriot,Alexei Navalny,New & Trending,from: $26.48
The Hobbit,J.R.R. Tolkien,ThriftBooks Deals,from: $3.99
Little Women,Louisa May Alcott,ThriftBooks Deals,from: $3.59
Sharp Objects,Gillian Flynn,ThriftBooks Deals,from: $4.19
Crime and Punishment,Fyodor Dostoevsky,ThriftBooks Deals,from: $4.39
Eleanor Oliphant is Completely Fine,Gail Honeyman,ThriftBooks Deals,from: $4.59
The Couple Next Door,Shari Lapena,ThriftBooks Deals,from: $3.99
Hop on Pop,Dr. Seuss,ThriftBooks Deals,from: $3.59
Outliers: The Story of Success,Malcolm Gladwell,ThriftBooks Deals,from: $4.19
"Llama, Llama Red Pajama",Anna Dewdney,ThriftBooks Deals,from: $4.79
Harry Potter and the Cursed Child: Parts One and Two,J.K. Rowling,ThriftBooks Deals,from: $4.69
The Things They Carried,Tim O'Brien,ThriftBooks Deals,from: $4.69
A Light in the Attic,Shel Silverstein,ThriftBooks Deals,from: $4.89
Guess How Much I Love You,Sam McBratney,ThriftBooks Deals,from: $3.59
Zen and the Art of Motorcycle Maintenance,Robert M. Pirsig,ThriftBooks Deals,from: $4.89
Le comte de Monte-Cristo,Alexandre Dumas,ThriftBooks Deals,from: $3.59
The Shack: Where Tragedy Confronts Eternity,William Paul Young,ThriftBooks Deals,from: $4.09
Kinder- und Hausmärchen,Jacob Grimm,ThriftBooks Deals,from: $4.39
Uncle Tom's Cabin,Harriet Beecher Stowe,ThriftBooks Deals,from: $3.89
Echo Burning,Lee Child,ThriftBooks Deals,from: $4.69
The Girl with the Dragon Tattoo,Stieg Larsson,ThriftBooks Deals,from: $4.19
Better off Dead,Lee Child,ThriftBooks Deals,from: $4.69
Old School,Jeff Kinney,ThriftBooks Deals,from: $3.59
All Creatures Great and Small,James Herriot,ThriftBooks Deals,from: $4.29
"Walden; or, Life in the Woods",Henry David Thoreau,ThriftBooks Deals,from: $4.19
"The Lion, the Witch and the Wardrobe",C.S. Lewis,Just Arrived,from: $3.59
Man's Search for Meaning,Viktor E. Frankl,Just Arrived,from: $5.99
The Art of War,Sun Tzu,Just Arrived,from: $4.19
The Four Winds,Kristin Hannah,Just Arrived,from: $8.39
The Kite Runner,Khaled Hosseini,Just Arrived,from: $4.19
Holes,Louis Sachar,Just Arrived,from: $4.19
The Giving Tree,Shel Silverstein,Just Arrived,from: $4.59
Lessons in Chemistry,Bonnie Garmus,Just Arrived,from: $6.49
The Book of Virtues: A Treasury of Great Moral Stories,William J. Bennett,Just Arrived,from: $4.59
The Case for Christ,Lee Strobel,Just Arrived,from: $4.09
Winter Garden,Kristin Hannah,Just Arrived,from: $10.99
The Shining,Stephen King,Just Arrived,from: $7.29
Tao Te Ching,Lao Tzu,Just Arrived,from: $4.09
People We Meet on Vacation,Emily Henry,Just Arrived,from: $5.99
Still Life,Louise Penny,Just Arrived,from: $4.59
The Last Olympian,Rick Riordan,Just Arrived,from: $3.99
Blueberries for Sal,Robert McCloskey,Just Arrived,from: $3.99
Midnight in the Garden of Good and Evil,John Berendt,Just Arrived,from: $3.99
A Short History of Nearly Everything,Bill Bryson,Just Arrived,from: $4.19
Born a Crime: Stories from a South African Childhood,Trevor Noah,Just Arrived,from: $4.09
The Vanishing Half,Brit Bennett,Just Arrived,from: $4.29
"Alexander and the Terrible, Horrible, No Good, Very Bad Day",Judith Viorst,Just Arrived,from: $4.19
The Kissing Hand,Audrey Penn,Just Arrived,from: $3.99
The Gruffalo,Julia Donaldson,Just Arrived,from: $4.19
The Power of Now: A Guide to Spiritual Enlightenment,Eckhart Tolle,Under $5.00,from: $4.99
The Secret Garden,Frances Hodgson Burnett,Under $5.00,from: $3.59
Little Fires Everywhere,Celeste Ng,Under $5.00,from: $4.19
The Rainbow Fish,Marcus Pfister,Under $5.00,from: $4.09
The Woman in Cabin 10,Ruth Ware,Under $5.00,from: $3.99
The Woman in the Window,A.J. Finn,Under $5.00,from: $4.19
The Color Purple,Alice Walker,Under $5.00,from: $3.99
The Battle of the Labyrinth,Rick Riordan,Under $5.00,from: $3.99
The Sun Also Rises,Ernest Hemingway,Under $5.00,from: $3.99
Redwall,Brian Jacques,Under $5.00,from: $3.99
The Tale of Despereaux,Kate DiCamillo,Under $5.00,from: $4.19
Dog Man and Cat Kid,Dav Pilkey,Under $5.00,from: $4.59
Miss Rumphius,Barbara Cooney,Under $5.00,from: $4.19
Nineteen Minutes,Jodi Picoult,Under $5.00,from: $4.09
The Maze Runner,James Dashner,Under $5.00,from: $3.59
Malibu Rising,Taylor Jenkins Reid,Under $5.00,from: $4.59
Who Moved My Cheese?,Spencer Johnson,Under $5.00,from: $4.19
The Innocent,David Baldacci,Under $5.00,from: $4.59
"Taking Charge of Your Fertility: The Definitive Guide to Natural Birth Control, Pregnancy Achievement, and Reproductive Health",Toni Weschler,Under $5.00,from: $4.99
The True Story of the Three Little Pigs,Jon Scieszka,Under $5.00,from: $3.59
The Hotel Nantucket,Elin Hilderbrand,Under $5.00,from: $4.29
Expecting Better: Why the Conventional Pregnancy Wisdom is Wrong - and What You Really Need to Know,Emily Oster,Under $5.00,from: $4.89
Camino Winds,John Grisham,Under $5.00,from: $4.69
"Polar Bear, Polar Bear, What Do You Hear?",Bill Martin Jr.,Under $5.00,from: $3.99
